"review_id","place_id","restaurant_name","rating","text","author_name","author_id","author_uri","author_photo_uri","author_is_local_guide","author_review_count","author_photo_count","relative_date","spent_amount","sort_source"
"Ci9DQUlRQUNvZENodHljRjlvT21oa1MybzRRelJLU2pkS05qVjRaV3M0VHpoMGVIYxAB","0x311d7d0a810183ef:0xadc037882eac0a7e","TWO P Dental Clinic (คลินิกทันตกรรมทูพี)",5,"A heartfelt review of my first-ever veneer treatment 🦷✨

I'm going to share my experience in a very real way because I'm genuinely impressed 🥹
Today, I went to get veneers done with Dr. Pao. Everything happened so fast! I contacted her in the morning and was there in the evening. It was super real! 😅

While Dr. Pao was taking a break to go to the restroom, I walked out of the room and the first thing I saw was…
A picture of myself wearing a crown was pasted on the wall with the words “It’s VIP Day! JOIN OUR EXCLUSIVE VIP CLUB & SAVE K’ PASPHANORN PROM.” 🥹👑
I mean… this picture wasn't there before I came in! It's such a small thoughtful detail that really touched me. She's so considerate of her patients!

Now, let me talk about my teeth.
My previous problems were:
1️⃣ I had braces before but didn't wear my retainer, resulting in gaps between my teeth and short teeth.
2️⃣ I wanted whiter teeth so they would look good on camera during beauty pageants.
3️⃣ My teeth were tilted to the left, which Dr. Pao said… “My teeth were about to fall out!”
I'm so lucky that Dr. Pao saved my life! 😭

Most importantly… it didn't hurt at all!
Believe it or not, it really didn't hurt. Dr. Pao has such a gentle touch, the gentlest ever!
I'm so touched. I could feel that Dr. Pao was so kind and dedicated to taking care of me. 🤍
Dr. Pao is incredibly skilled, and the result is the most impressive thing I've ever experienced with veneers for the first time in my life.

Everyone at the clinic was so lovely. I have to say, the whole clinic was excited, and I was excited too! 😆
And they even asked to take pictures with me, so sweet!
And I was so happy to! It was such a warm atmosphere from the moment I walked in.

Thank you so much, Dr. Pao and everyone at the clinic.
For making me more beautiful and confident.
This review is from the heart, no script at all. It might be a bit long, but I really wanted to share it. 💕

For anyone who is hesitant about teeth or veneers,
I want to say… if you come here, you will understand the meaning of… ""They treat you like family,"" truly! 🦷✨💖

P.S. I'll make a video for you soon. 🫶

TWOP Dental Clinic - Orthodontics, Clear Aligners, Veneers, Dental Implants

#DrPao'sDaughter
#twopdentalclinic
#veneers","Pasphanorn Promklai","112500073419516914787","https://www.google.com/maps/contrib/112500073419516914787/reviews?hl=en","https://lh3.googleusercontent.com/a-/ALV-UjWLf6bDU3xyJfmJnY7iQoxC2lvGUzdwUd50I8SaQ_jcJdX_7qs4=w36-h36-p-rp-mo-ba12-br100",1,14,19,"4 months ago","","relevant"
"Ci9DQUlRQUNvZENodHljRjlvT2tKbWJtZHJPRzVoY0VaR1JISjRaVVZ5Ums0MGNYYxAB","0x311d7d0a810183ef:0xadc037882eac0a7e","TWO P Dental Clinic (คลินิกทันตกรรมทูพี)",5,"The doctor is very lovely and kind. All the staff are friendly, polite, and attentive to customers. The clinic is clean and the atmosphere is great. I'm impressed every time I visit. 🩷🦷 …","พัชรินทร์ พิมพ์พวง","109237029717797442679","https://www.google.com/maps/contrib/109237029717797442679/reviews?hl=en","https://lh3.googleusercontent.com/a-/ALV-UjUBaxufsVwUyp1ISWsnwmYov9DEXOfBdjw3MmkGNU_dfGIkwY6qZA=w36-h36-p-rp-mo-br100",0,1,0,"a month ago","","relevant"
"Ci9DQUlRQUNvZENodHljRjlvT2t4MWNTMXhVMGxNZUhSRFVFY3hVelJTTVdWRk9IYxAB","0x311d7d0a810183ef:0xadc037882eac0a7e","TWO P Dental Clinic (คลินิกทันตกรรมทูพี)",5,"The dentist's service is truly excellent, just as I read in the old reviews. The clinic is clean and tidy, and the work is meticulous. Finding such a good and convenient dental clinic is fantastic!","Aeronote8tical SJ","101652267800887308521","https://www.google.com/maps/contrib/101652267800887308521/reviews?hl=en","https://lh3.googleusercontent.com/a-/ALV-UjUUXpLLoYwrbeVagpr1PpukUCoazy6lxCwspJPhhvPcWk5FJ184=w36-h36-p-rp-mo-ba12-br100",1,148,589,"6 months ago","","relevant"
"Ci9DQUlRQUNvZENodHljRjlvT2xWa2FXbEtUbFpDTVhneGVGUmFhRUpxU1hkUE1IYxAB","0x311d7d0a810183ef:0xadc037882eac0a7e","TWO P Dental Clinic (คลินิกทันตกรรมทูพี)",5,"The clinic is clean, the doctor is friendly, and they do a great job. 🥰 …","mengli","115547426425440336075","https://www.google.com/maps/contrib/115547426425440336075/reviews?hl=en","https://lh3.googleusercontent.com/a-/ALV-UjWoRF7i8Nro0L8iF9zZHYwjNjtONKU91Ohb_3g-hNwEDs8pbYc=w36-h36-p-rp-mo-ba12-br100",1,30,66,"7 months ago","","relevant"
"Ci9DQUlRQUNvZENodHljRjlvT2tKNlFXOVFWbFZXVldkT2FuSnlWRzV5VGpaMlJYYxAB","0x311d7d0a810183ef:0xadc037882eac0a7e","TWO P Dental Clinic (คลินิกทันตกรรมทูพี)",5,"Today I went for a dental scaling and filling.
The clinic is beautiful and very clean.
The dentist was polite, patient, and had a very gentle touch. I used to be afraid of going to the dentist, but now I'm no longer afraid. ❤️","Sangsiree Monteerarat","100778358282958898786","https://www.google.com/maps/contrib/100778358282958898786/reviews?hl=en","https://lh3.googleusercontent.com/a/ACg8ocIwCSVjP9XgoQ1JEiTA1PMcSZh49kZfuRG7EUHB2qHv6mZaMA=w36-h36-p-rp-mo-br100",0,4,0,"7 months ago","","relevant"
"Ci9DQUlRQUNvZENodHljRjlvT2t4SU5FeGZXV1o1YWw5Tk16WnRVVEYzZGtvM1IwRRAB","0x311d7d0a810183ef:0xadc037882eac0a7e","TWO P Dental Clinic (คลินิกทันตกรรมทูพี)",5,"The service is very good. The doctor is cute. The staff is also good and clean. The braces are very beautiful. 💖 …","ภัณฑิรา อินทนิน","109700853073273517286","https://www.google.com/maps/contrib/109700853073273517286/reviews?hl=en","https://lh3.googleusercontent.com/a/ACg8ocJtQjFCq3MdVrmEZYYwiteZN3HPqF5RlJbBC9WqqmJRCCUekg=w36-h36-p-rp-mo-br100",0,5,0,"6 months ago","","relevant"
"Ci9DQUlRQUNvZENodHljRjlvT2xFdGIwdDVNR2Q1Y0dKTk1tVklVMUJOTTNaWFgyYxAB","0x311d7d0a810183ef:0xadc037882eac0a7e","TWO P Dental Clinic (คลินิกทันตกรรมทูพี)",5,"The doctor was incredibly gentle and spoke so kindly! I love her! ❤️😘 …","Chalita Chaiworn","107623204979044950622","https://www.google.com/maps/contrib/107623204979044950622/reviews?hl=en","https://lh3.googleusercontent.com/a-/ALV-UjX4goDIDl9ItQd4rYYNnbQ-4UG1GhKXXpeA-KxgUjE-WaUkQGY=w36-h36-p-rp-mo-br100",0,2,1,"a month ago","","relevant"
"Ci9DQUlRQUNvZENodHljRjlvT2xsTGVtMW5abFJhU0c0dGJEZGhNMFZZYlhSZmJtYxAB","0x311d7d0a810183ef:0xadc037882eac0a7e","TWO P Dental Clinic (คลินิกทันตกรรมทูพี)",5,"The doctor provided excellent care. It's a newly opened clinic near my home. The clinic is beautiful, and the staff is high-quality. I will definitely be a repeat customer.","Fbappe Funez","106642854234002888582","https://www.google.com/maps/contrib/106642854234002888582/reviews?hl=en","https://lh3.googleusercontent.com/a/ACg8ocKyHEBg31lTyMES4ok71kAWjePbdDUUeBnmpRRIdb5g9f19MA=w36-h36-p-rp-mo-br100",0,4,0,"7 months ago","","relevant"
"Ci9DQUlRQUNvZENodHljRjlvT25GWlFVdEhhMkZJYmxSS2RHczNNSE5GZDI1MU5VRRAB","0x311d7d0a810183ef:0xadc037882eac0a7e","TWO P Dental Clinic (คลินิกทันตกรรมทูพี)",5,"The clinic provides excellent service. I went to have my wisdom teeth removed and the doctor did a great job. He had a gentle touch and it didn't hurt at all. I will definitely go again next time.","ratchatida Faitakam","114882164789989763537","https://www.google.com/maps/contrib/114882164789989763537/reviews?hl=en","https://lh3.googleusercontent.com/a-/ALV-UjXHH4TzkGCa12TQQZE1AAcnLpQpggvcfxpzHFFp39esmm-B-gFu=w36-h36-p-rp-mo-br100",0,1,0,"7 months ago","","relevant"
"Ci9DQUlRQUNvZENodHljRjlvT2xrdFEzSkViREZWZVc1d1gwRnlNSE5DZEVKUk1WRRAB","0x311d7d0a810183ef:0xadc037882eac0a7e","TWO P Dental Clinic (คลินิกทันตกรรมทูพี)",5,"The doctor is kind and speaks politely. The clinic is clean and the staff provides good service.","Kawintida chotarunvipas","115236394112684262315","https://www.google.com/maps/contrib/115236394112684262315/reviews?hl=en","https://lh3.googleusercontent.com/a-/ALV-UjVGXjBo69yU4L0odAceCyaAAjrI3fRTeVsePGxqTSnjtvKlvJrE=w36-h36-p-rp-mo-br100",0,1,0,"5 months ago","","relevant"
"Ci9DQUlRQUNvZENodHljRjlvT25KRFdrSXdVVll3TTJ0amFVVXdjelJPWnpGMGNVRRAB","0x311d7d0a810183ef:0xadc037882eac0a7e","TWO P Dental Clinic (คลินิกทันตกรรมทูพี)",5,"I came for teeth cleaning (tartar removal). The clinic is beautifully decorated, and the dentist was very gentle. The cleaning didn't take long and wasn't painful at all.","Teerapat Suwanwatana","104515249396812899029","https://www.google.com/maps/contrib/104515249396812899029/reviews?hl=en","https://lh3.googleusercontent.com/a/ACg8ocL5pbiXPhUyzVymkWrb6BeqibyzS3i9_-KUXdLacBVuEneViQ=w36-h36-p-rp-mo-br100",0,4,6,"2 days ago","","newest"
"Ci9DQUlRQUNvZENodHljRjlvT21zMVJHbFZWM2N6VlRkQ2VYbFpZak5LTTNkMlduYxAB","0x311d7d0a810183ef:0xadc037882eac0a7e","TWO P Dental Clinic (คลินิกทันตกรรมทูพี)",5,"The doctor was kind and explained things clearly.","Worapon Arbsuwan","115636058093088249497","https://www.google.com/maps/contrib/115636058093088249497/reviews?hl=en","https://lh3.googleusercontent.com/a/ACg8ocK_lltXgjLSNdW7srdAjUyzCMHvdb0upWFGYsxWWbRp9I2k9A=w36-h36-p-rp-mo-br100",0,1,0,"a week ago","","newest"
"Ci9DQUlRQUNvZENodHljRjlvT2s5WVdUTlFOM2czTW1sWk0wbFZaekpOZEZjellsRRAB","0x311d7d0a810183ef:0xadc037882eac0a7e","TWO P Dental Clinic (คลินิกทันตกรรมทูพี)",5,"The doctor was very gentle.","Adisak Ruksaboon","107464281786250659114","https://www.google.com/maps/contrib/107464281786250659114/reviews?hl=en","https://lh3.googleusercontent.com/a-/ALV-UjX3oBOoAs4UQMq7wOUaKuimfq21Jcy26u7fO-5Ux5ucDscYxF8u=w36-h36-p-rp-mo-br100",0,5,0,"a week ago","","newest"
"Ci9DQUlRQUNvZENodHljRjlvT2sxaVpUTTJlV1UyVmxOelJGTTFZM1p5UWxCQk5tYxAB","0x311d7d0a810183ef:0xadc037882eac0a7e","TWO P Dental Clinic (คลินิกทันตกรรมทูพี)",5,"I went for fillings, a retainer, and a teeth cleaning. The dentist did a great job, the staff provided excellent service, and the prices were reasonable.","Chutima Po","104805472266569480469","https://www.google.com/maps/contrib/104805472266569480469/reviews?hl=en","https://lh3.googleusercontent.com/a-/ALV-UjVWZ-MqK0BoaHg02QShctdICTDVwAhvC1Pke1OqHw0Qcn_IXq8=w36-h36-p-rp-mo-br100",0,14,3,"2 weeks ago","","newest"
"Ci9DQUlRQUNvZENodHljRjlvT2paTU1tRXpNRXhHWDJ0VFIwdHZaMFZpZFVKWmRXYxAB","0x311d7d0a810183ef:0xadc037882eac0a7e","TWO P Dental Clinic (คลินิกทันตกรรมทูพี)",5,"The doctor is kind and gentle. I highly recommend him/her.","Cleo Dent","100992188053166710413","https://www.google.com/maps/contrib/100992188053166710413/reviews?hl=en","https://lh3.googleusercontent.com/a-/ALV-UjWqGF8oNNBtAHgd2-gChXkXz7WSJdcnh39HiU_qvOLXTHfo_DDX=w36-h36-p-rp-mo-ba12-br100",1,23,119,"a month ago","","newest"
"Ci9DQUlRQUNvZENodHljRjlvT2xGVFMxaHRXVE5OV0RKNVF6Wm5lRzlhTTNZMlZtYxAB","0x311d7d0a810183ef:0xadc037882eac0a7e","TWO P Dental Clinic (คลินิกทันตกรรมทูพี)",5,"The teeth scaling was painless, it was great!","อารีรักษ์ ลามอ","113471841203653823364","https://www.google.com/maps/contrib/113471841203653823364/reviews?hl=en","https://lh3.googleusercontent.com/a-/ALV-UjVT_0RAiAYtq-5pWI8rO_hFnijyDWLLhl_caehOQN7y13fLRTNf=w36-h36-p-rp-mo-br100",0,1,0,"2 months ago","","newest"
"Ci9DQUlRQUNvZENodHljRjlvT2pWZlltMVVkR2xtYm1ab1VGSXpiMHRzYm5NNE1FRRAB","0x311d7d0a810183ef:0xadc037882eac0a7e","TWO P Dental Clinic (คลินิกทันตกรรมทูพี)",5,"","Mepsinar","107697175765244335112","https://www.google.com/maps/contrib/107697175765244335112/reviews?hl=en","https://lh3.googleusercontent.com/a/ACg8ocK2EEYpi9kgxX3D6lnIOhun5YXjhxTpfV9pcZTSRprGx8ggVQ=w36-h36-p-rp-mo-br100",0,0,0,"4 months ago","","newest"
"Ci9DQUlRQUNvZENodHljRjlvT201bGNWa3lUVE42WkRFMWMzTjNiakpEY0ROaGJVRRAB","0x311d7d0a810183ef:0xadc037882eac0a7e","TWO P Dental Clinic (คลินิกทันตกรรมทูพี)",5,"Clean, convenient, and well-maintained.","chanachol (Deddy)","107938201925942534988","https://www.google.com/maps/contrib/107938201925942534988/reviews?hl=en","https://lh3.googleusercontent.com/a-/ALV-UjVUH0IT5Qvs2IXby9sI6HO2fMwhY1U_bwmiDJ7RpTt8oz1e25s=w36-h36-p-rp-mo-ba12-br100",1,56,632,"5 months ago","","newest"
"Ci9DQUlRQUNvZENodHljRjlvT2xsNVIyaFZOVFpsWkVnMlJtSkphRFp0WDNZdFZtYxAB","0x311d7d0a810183ef:0xadc037882eac0a7e","TWO P Dental Clinic (คลินิกทันตกรรมทูพี)",5,"The service staff recommended some great deals.","Teeraporn Thongchai","109520001053674204619","https://www.google.com/maps/contrib/109520001053674204619/reviews?hl=en","https://lh3.googleusercontent.com/a-/ALV-UjUebdHgsinP5tlIrI3NhZrygIa4VC80MQyJ01CWOg1kMm712LQ=w36-h36-p-rp-mo-br100",0,2,0,"5 months ago","","newest"
"Ci9DQUlRQUNvZENodHljRjlvT2xsU1UybG9ZV3hXY0dkeFEyWXlkVGhmVDJseFpIYxAB","0x311d7d0a810183ef:0xadc037882eac0a7e","TWO P Dental Clinic (คลินิกทันตกรรมทูพี)",5,"","Yutthapoom Konkaew","108221856417399558237","https://www.google.com/maps/contrib/108221856417399558237/reviews?hl=en","https://lh3.googleusercontent.com/a/ACg8ocIxVvy1mMLDmnm5ZLtx6LGYDUHta2UtwjrrkHjTOyQV3wqP=w36-h36-p-rp-mo-br100",0,3,5,"5 months ago","","newest"
"Ci9DQUlRQUNvZENodHljRjlvT2pSNFdVcFhhbmRHYTNWR1NFdDVlSGh5YmxSVGFVRRAB","0x311d7d0a810183ef:0xadc037882eac0a7e","TWO P Dental Clinic (คลินิกทันตกรรมทูพี)",5,"The service was excellent.","Jack Ass","100919452046349111196","https://www.google.com/maps/contrib/100919452046349111196/reviews?hl=en","https://lh3.googleusercontent.com/a-/ALV-UjWEmqO3LTv2A_sB59go8Pu4y6ErfjF55gMPodP41-JHcHJdPA4=w36-h36-p-rp-mo-br100",0,2,1,"5 months ago","","newest"
